03 - Language II Conspire_37.wav, prog
AFTER THE BURIAL - A Wolf Amongst Ravens_32.wav, prog
05. Physical Education_54.wav, prog
MONUMENTS - I The Creator_06.wav, prog
CHIMP SPANNER - Bad Code_40.wav, prog
01 Arithmophobia_13.wav, prog
07 The Race Is About To Begin_04.wav, prog
Meshuggah- Soul Burn_13.wav, prog
06 A Light Will Shine_02.wav, prog
PERIPHERY - Zyglrox_02.wav, prog
Cloudkicker - Let yourself be huge_06.wav, prog
Veil Of Maya - Punisher_09.wav, prog
06-1289 Voyeur Will Shine Fight For Distinction Evolution Is Mine._60.wav, prog
Textures - Laments Of An Icarus_49.wav, prog
Hacktivist - DECEIVE AND DEFY_17.wav, prog
SikTh - Hold My Finger_61.wav, prog
08-the_haarp_machine-machine_over_44.wav, prog
b1-master_boot_record-dma_4_cascade_10.wav, prog
HEART OF A COWARD - Hollow_05.wav, non-prog
01-darko_us-splinter_cell_45.wav, non-prog
The Algorithm - Isometry_25.wav, non-prog
BORN OF OSIRIS - Divergency_44.wav, non-prog
